<?xml version="1.0" encoding="UTF-8"?>
<metadata xml:lang="en"><Esri><CreaDate>20191209</CreaDate><CreaTime>20260600</CreaTime><ArcGISFormat>1.0</ArcGISFormat><SyncOnce>TRUE</SyncOnce><DataProperties><lineage><Process Name="Stack Profile" ToolSource="c:\users\jake\appdata\local\programs\arcgis\pro\Resources\ArcToolbox\toolboxes\3D Analyst Tools.tbx\StackProfile" Date="20191209" Time="202606">StackProfile I_MBW_Routes_Export_Alphanumeric_Name C:\Users\Jake\Documents\ArcGIS\Packages\MBW_Maps_Package_8e7984\commondata\raster_data\All_DEM\MBW_DEM_Mosaic_Meters.tif C:\Users\Jake\Documents\ArcGIS\Packages\MBW_Maps_Package_8e7984\commondata\profile_tables\87Cleveland.dbf #</Process></lineage></DataProperties></Esri></metadata>
