<?xml version="1.0" encoding="UTF-8"?>
<metadata xml:lang="en"><Esri><CreaDate>20191203</CreaDate><CreaTime>21334500</CreaTime><ArcGISFormat>1.0</ArcGISFormat><SyncOnce>TRUE</SyncOnce><DataProperties><lineage><Process ToolSource="c:\users\jake\appdata\local\programs\arcgis\pro\Resources\ArcToolbox\toolboxes\3D Analyst Tools.tbx\StackProfile" Date="20191203" Time="213345">StackProfile 1 MBW_DEM_Mosaic.tif C:\Users\Jake\Documents\ArcGIS\Packages\MBW_Maps_Package_8e7984\commondata\profile_tables\profiletest #</Process></lineage></DataProperties></Esri></metadata>
