<?xml version="1.0" encoding="UTF-8"?>
<metadata xml:lang="en"><Esri><CreaDate>20191206</CreaDate><CreaTime>17100800</CreaTime><ArcGISFormat>1.0</ArcGISFormat><SyncOnce>TRUE</SyncOnce><DataProperties><lineage><Process Name="Stack Profile" ToolSource="c:\users\jake\appdata\local\programs\arcgis\pro\Resources\ArcToolbox\toolboxes\3D Analyst Tools.tbx\StackProfile" Date="20191206" Time="171008">StackProfile I_MBW_Routes_Export_OBJECTID MBW_DEM_Mosaic.tif C:\Users\Jake\Documents\ArcGIS\Packages\MBW_Maps_Package_8e7984\commondata\profile_tables\test3 #</Process></lineage></DataProperties></Esri></metadata>
